,H_H,H_B,H_CD,H_WD,B_H,B_B,B_CD,B_WD,CD_H,CD_B,CD_CD,CD_WD,WD_H,WD_B,WD_CD,WD_WD,Time_Gyr
0,,,,,,,,,,,,,,,,,0.0525742
1,,,,,,,,,,,,,,,,,0.0564469
2,,,,,,,,,,,,,,,,,0.0606048
3,,,,,,,,,,,,,,,,,0.0646081
4,,,,,,,,,,,,,,,,,0.0693672
5,,,,,,,,,,,,,,,,,0.0744768
6,,,,,,,,,,,,,,,,,0.0799628
7,,,,,,,,,,,,,,,,,0.0852449
8,,,,,,,,,,,,,,,,,0.091524
9,,,,,,,,,,,,,,,,,0.0982656
10,,,,,,,,,,,,,,,,,0.1055038
11,,,,,,,,,,,,,,,,,0.1132751
12,,,,,,,,,,,,,,,,,0.1207575
13,,,,,,,,,,,,,,,,,0.1296523
14,,,,,,,,,,,,,,,,,0.1392022
15,,,,,,,,,,,,,,,,,0.1494555
16,,,,,,,,,,,,,,,,,0.1593275
17,,,,,,,,,,,,,,,,,0.171063
18,,,,,,,,,,,,,,,,,0.1836627
19,,,,,,,,,,,,,,,,,0.1971903
20,,,,,,,,,,,,,,,,,0.2102148
21,,,,,,,,,,,,,,,,,0.2256976
22,,,,,,,,,,,,,,,,,0.2423204
23,,,,,,,,,,,,,,,,,0.2601672
24,,,,,,,,,,,,,,,,,0.27735
25,,,,,,,,,,,,,,,,,0.2977756
26,,,,,,,,,,,,,,,,,0.3197047
27,,,,,,,,,,,,,,,,,0.343248
28,,,,,,,,,,,,,,,,,0.3685238
29,,,,,,,,,,,,,,,,,0.3928584
30,0.0014109665686566934,4.0397973906948656e-07,1.346599130231622e-07,1.346599130231622e-07,0.00016360113675216816,7.53668158071786e-05,5.514645059061848e-06,2.573501027562196e-05,1.7075044821992656e-05,1.2196460587137613e-05,4.878584234855045e-06,2.4392921174275227e-06,3.308671008661082e-05,3.5631841631734735e-05,0.0,2.54513154512391e-06,0.4217845
31,0.0016917324873099865,6.732995651158109e-07,1.346599130231622e-07,1.346599130231622e-07,0.00017646864188997915,0.00011396933122061153,1.286750513781098e-05,2.0220365216560112e-05,2.4392921174275225e-05,1.7075044821992656e-05,2.4392921174275227e-06,2.4392921174275227e-06,6.108315708297384e-05,3.054157854148692e-05,5.09026309024782e-06,1.018052618049564e-05,0.4528384
32,0.0017175871906104335,9.426193911621353e-07,5.386396520926487e-07,0.0,0.00021690937232309937,0.0001507336316143572,9.191075098436413e-06,3.6764300393745654e-05,3.1710797526557794e-05,1.2196460587137613e-05,0.0,9.75716846971009e-06,6.362828862809775e-05,5.09026309024782e-05,5.09026309024782e-06,1.272565772561955e-05,0.4861761
33,0.002048581256821366,1.481259043254784e-06,4.0397973906948656e-07,4.0397973906948656e-07,0.000279408682992467,0.00017830685690966644,2.573501027562196e-05,4.0440730433120224e-05,3.415008964398531e-05,2.4392921174275225e-05,9.75716846971009e-06,2.4392921174275227e-06,7.88990778988412e-05,6.362828862809775e-05,7.63539463537173e-06,2.2906183906115187e-05,0.5182708
34,0.0026043227178679565,1.8852387823242705e-06,4.0397973906948656e-07,8.079594781389731e-07,0.00035477549879964557,0.00026286474781528146,2.7573225295309242e-05,4.411716047249479e-05,4.390725811369541e-05,2.4392921174275225e-05,4.878584234855045e-06,9.75716846971009e-06,0.00014761762961718676,7.380881480859338e-05,0.0,2.2906183906115187e-05,0.5564189
35,0.003181879084824299,3.5011577386022165e-06,9.426193911621353e-07,1.0772793041852975e-06,0.0004595537549218207,0.00031617298338621267,3.308787035437109e-05,9.7425396043426e-05,6.586088717054311e-05,4.878584234855045e-05,2.4392921174275227e-06,2.4392921174275227e-06,0.00019597512897454104,7.635394635371729e-05,1.272565772561955e-05,5.34477624476021e-05,0.5973702
36,0.0037385631652620517,5.251736607903325e-06,8.079594781389731e-07,1.2119392172084595e-06,0.000545949860847123,0.0005091855604533774,4.0440730433120224e-05,6.801395572842946e-05,8.049663987510825e-05,6.586088717054311e-05,0.0,4.878584234855045e-06,0.00024433262833189535,0.00017306894506842585,7.63539463537173e-06,2.036105236099128e-05,0.6413298
37,0.004504508750537798,4.847756868833838e-06,1.6159189562779462e-06,2.289218521393757e-06,0.0006856542023433565,0.0005385970007683739,7.169038576780403e-05,0.00017095399683091732,9.75716846971009e-05,6.098230293568806e-05,1.951433693942018e-05,3.1710797526557794e-05,0.0002672388122380105,0.0002137910497904084,2.54513154512391e-05,8.144420944396512e-05,0.6885171
38,0.0050015384895062895,7.540955129297082e-06,8.079594781389731e-07,1.3465991302316218e-06,0.0007904324584655316,0.000779403168347408,5.147002055124392e-05,0.00014521898655529535,0.00012196460587137613,0.00011464672951909356,4.878584234855045e-06,2.1953629056847703e-05,0.00028250960150875395,0.0003359573639563561,1.527078927074346e-05,5.09026309024782e-05,0.7339396
39,0.005583942613331466,1.292735165022357e-05,2.0198986953474325e-06,2.154558608370595e-06,0.000812491038701779,0.00099447432565082,9.558718102373871e-05,0.00018382150196872828,0.00011952531375394861,0.00014635752704565135,1.2196460587137613e-05,3.415008964398531e-05,0.00037922460022346257,0.00039704052103932993,3.8176973176858646e-05,7.88990778988412e-05,0.7879218
40,0.006025492468134415,1.238871199813092e-05,1.2119392172084595e-06,5.386396520926487e-06,0.0008566081991742738,0.0011543990323636137,0.00011580754624029883,0.000279408682992467,0.00014879681916307887,0.00019270407727677428,9.75716846971009e-06,2.6832213291702747e-05,0.0004148564418551973,0.0004733944673930472,4.326723626710646e-05,8.144420944396512e-05,0.8458613
41,0.006471486100067128,1.1715412433015109e-05,1.8852387823242705e-06,3.635817651625379e-06,0.0010128564758476928,0.0013382205343323418,0.00011213111620092425,0.0003529372837799583,0.0001609932797502165,0.0001853862009244917,4.878584234855045e-06,7.073947140539816e-05,0.00045048828348693204,0.0005217519667504015,4.8357499357354286e-05,0.00014761762961718676,0.908045
42,0.006590525463179603,1.669782921487211e-05,2.8278581734864056e-06,4.7130969558106765e-06,0.0010900615066745587,0.0016415260125807437,0.00015808649169310633,0.0003069819082877762,0.00018050761668963666,0.00023417204327304215,2.1953629056847703e-05,5.610371870083302e-05,0.0004479431519418081,0.0006871855171834557,6.617342017322165e-05,0.00013489197189156722,0.9678925
43,0.006765448690196691,1.5755209823709975e-05,2.5585383474400815e-06,7.540955129297082e-06,0.0012885887288007854,0.0017628482038801042,0.00018382150196872828,0.0004393333897052606,0.00018294690880706418,0.000270761425034455,2.6832213291702747e-05,5.610371870083302e-05,0.0005624740714723841,0.0007024563064541991,8.653447253421293e-05,0.0001807043397037976,1.0390037
44,0.007028035520591857,1.912170764928903e-05,3.09717799953273e-06,8.483574520459217e-06,0.0013731466197064003,0.0020367422418135096,0.0002150711573034121,0.0004816123351580681,0.00019270407727677428,0.0003049115146784403,2.4392921174275225e-05,8.293593199253576e-05,0.0005828351238333753,0.0008526190676165097,7.635394635371729e-05,0.00020870078670016059,1.1153094
45,0.007233391887952179,2.423878434416919e-05,2.6931982604632435e-06,6.598335738134947e-06,0.001345573394411091,0.0025826921026606323,0.00018565971698841557,0.0004926416252761918,0.0002170969984510495,0.0003976046151406862,2.1953629056847703e-05,5.1225134465977976e-05,0.0006133767023748623,0.0010613198543166704,8.907960407933684e-05,0.00020106539206478886,1.1971819
46,0.008472397747678296,2.720130243067876e-05,1.6159189562779462e-06,6.059696086042298e-06,0.0016985106781910494,0.0028382039903971645,0.0002150711573034121,0.0005514645059061849,0.00026344354868217243,0.00041711895208010634,4.390725811369541e-05,8.049663987510825e-05,0.0008093518313494033,0.0011376738006703877,7.635394635371729e-05,0.00024942289142214314,1.2850184
47,0.00394970990888237,9.426193911621353e-06,2.693198260463244e-07,1.6159189562779462e-06,0.0002242622324018485,0.00017646864188997915,3.676430039374566e-06,1.6543935177185545e-05,5.1225134465977976e-05,2.927150540913027e-05,2.4392921174275227e-06,0.0,0.00023924236524164752,6.362828862809775e-05,2.54513154512391e-06,2.54513154512391e-06,1.3695202
48,0.004799009980319454,2.8951881299979867e-05,3.770477564648541e-06,6.8676555641812715e-06,0.00023345330750028492,0.00014154255651592078,3.676430039374566e-06,1.6543935177185545e-05,9.513239257967338e-05,5.610371870083302e-05,4.878584234855045e-06,1.2196460587137613e-05,0.000254513154512391,0.00012471144571107157,7.63539463537173e-06,3.308671008661082e-05,1.4698785
49,0.002661149201163731,2.10069464316133e-05,3.3664978255790545e-06,7.540955129297082e-06,0.00020036543714591382,0.0002885997580909034,9.191075098436413e-06,3.6764300393745654e-05,7.073947140539816e-05,3.902867387884036e-05,2.4392921174275227e-06,0.0,0.00017815920815867367,0.00018833973433916932,1.018052618049564e-05,3.308671008661082e-05,1.5775065
50,0.007009048472855591,3.7839435559508574e-05,6.463675825111785e-06,9.964833563714001e-06,0.0004393333897052606,0.00034742263872089644,4.411716047249479e-05,8.823432094498957e-05,0.00018050761668963666,7.317876352282568e-05,2.4392921174275227e-06,1.951433693942018e-05,0.00045048828348693204,0.000254513154512391,3.8176973176858646e-05,7.635394635371729e-05,1.692911
51,0.008075958963738106,6.08662806864693e-05,6.3290159120886225e-06,1.3465991302316218e-05,0.0005385970007683739,0.00046690661500056984,6.249931066936762e-05,0.00010294004110248784,0.00021221841421619446,0.00010488956104938347,9.75716846971009e-06,1.951433693942018e-05,0.0005522935452918884,0.00039704052103932993,3.5631841631734735e-05,7.88990778988412e-05,1.8166298
52,0.010494316341721075,5.8038422512982896e-05,2.531606364835449e-05,4.6053690253921465e-05,0.0012757212236629743,0.0016654228078366784,0.0003529372837799583,0.0005165384205321265,0.00022197558268590456,0.0002049005378639119,4.878584234855045e-05,0.00010001097681452842,0.0005751997291980036,0.0006642793332773404,0.00017306894506842585,0.00037158920558809085,1.9492319
53,0.01170396634040814,6.059696086042298e-05,3.1106439908350466e-05,4.955484799252368e-05,0.0014668955857104517,0.00181983286949041,0.0004264658845674496,0.0006911688474024183,0.0003122293910307229,0.00020246124574648436,7.56180556402532e-05,9.513239257967338e-05,0.0007406332796310578,0.0007380881480859338,0.00018579460279404542,0.0003741343371332147,2.0913186
54,0.012785824081636225,6.329015912088623e-05,3.0029160604165167e-05,5.884638199112187e-05,0.0018878468252188395,0.0020698301121678804,0.00038234872409495486,0.0008363878339577137,0.0003366223122049981,0.00026832213291702747,9.025380834481833e-05,9.75716846971009e-05,0.0010231428811398116,0.0007991713051689076,0.00021888131288065623,0.0003868599948588343,2.2435237
55,0.013768706786792286,0.0001039574528538812,3.770477564648541e-05,6.073162077344614e-05,0.0018878468252188395,0.002760998959570299,0.0004503626798233843,0.0008308731888986518,0.0003683331097315559,0.00039516532302325864,6.586088717054311e-05,0.00014391823492822383,0.0009773305133275814,0.0011453091953057594,0.00026978394378313444,0.00037922460022346257,2.3897091
56,0.021231963146275006,0.00025410325587470705,3.043314034323465e-05,8.133458746598996e-05,0.002358429870258784,0.003672753609335191,0.0005771995161818069,0.0010937379367139332,0.0005195692210120623,0.0006000658608871706,5.1225134465977976e-05,0.00021221841421619446,0.0013641905081864156,0.0016797868197817804,0.0002646936806928866,0.0005497484137467645,2.5451363
57,0.023314882680917276,0.00035509819064207866,4.8073588949268896e-05,0.0001011295946803948,0.0027628371745899863,0.0043363492314423,0.0007187420726977276,0.0014246166402576443,0.0005342049737166274,0.0007805734775768072,8.781451622739081e-05,0.0002170969984510495,0.0014558152438108763,0.0021811777341711907,0.00032577683777586046,0.0006591890701870926,2.6914781
58,0.02712495025999463,0.00030810188099699505,5.036280747066266e-05,0.00010207221407155693,0.0035753282132917653,0.004755462255931001,0.0008437406940364628,0.001579026701911376,0.0007098340061714091,0.0007756948933419521,0.00011464672951909356,0.00023173275115561463,0.0019902928682868975,0.0022091741811675536,0.0004072210472198256,0.0007839005158981642,2.8459209
59,0.03310519699735326,0.0004831597679271059,4.69963096450836e-05,0.00014179688841338978,0.004330834586383238,0.006525663319889854,0.0007977853185442808,0.0017793921390572899,0.0008342379041602127,0.0011196350818992327,0.00013416106645851373,0.0002805185935041651,0.002344066153059121,0.0032603135093037285,0.0002850547330538779,0.0009238827508799792,2.9880126
60,0.043393483672148896,0.0006831297387665017,7.662149051017928e-05,0.00017142206927848544,0.007297713628158513,0.008904313555365199,0.0007628592331702223,0.0018216710845100972,0.001292824822236587,0.0015904184605627448,0.00019026478515934677,0.0002780793013867376,0.003774430081418758,0.004319088232075275,0.0004123113103100734,0.0010078720918690683,3.1368773
61,0.023073302796953722,0.00018650397953707962,4.834290877531522e-05,9.008748181249549e-05,0.0024632081263809592,0.005145163840104705,0.0006966834924614803,0.001566159196773565,0.0004122403678452513,0.000756180556402532,8.293593199253576e-05,0.00022197558268590456,0.0011911215631179898,0.0020411954991893756,0.0003155963115953648,0.0006795501225480839,3.2927893
62,0.025731624139943968,0.00023336562926914005,4.9824167818570004e-05,0.00010207221407155693,0.002567986382503134,0.005917214148373364,0.0007959471035245935,0.0016562317327382418,0.0004415118732543816,0.0008464343647473503,9.75716846971009e-05,0.00024148991962532474,0.001326013535009557,0.002389878520871351,0.00027232907532825836,0.0007508138058115534,3.4560273
63,0.028523797436479235,0.00029100007204305346,5.925036173019136e-05,0.00010678531102736761,0.0027646753896096734,0.006591839060598596,0.000871313919331772,0.001702187108230424,0.00043907258113695403,0.0009025380834481833,0.0001292824822236587,0.0003073508067958678,0.0013616453766412918,0.0026189403599325032,0.00039704052103932993,0.0008297128837103946,3.6019898
64,0.034833826300831594,0.00031604681586536165,6.315549920786306e-05,0.00012900419667618936,0.0031029069532321333,0.0072885225530600764,0.0008823432094498957,0.0018823321801597777,0.00048541913136807696,0.0010732885316681099,0.0001292824822236587,0.0002732007171518825,0.0015296240586194698,0.0030261614071523286,0.0003690440740429669,0.0008322580152555185,3.7537196
65,0.041023603862854266,0.00031564283612629216,9.964833563714001e-05,0.00015472424006361335,0.003726061844906122,0.007674547707194406,0.00116359010746205,0.0021874758734278664,0.0006512909953531485,0.0011367101267212255,0.00014635752704565135,0.000326865143735288,0.0019877477367417737,0.003158508247498772,0.0004657590727576755,0.0009569694609665901,3.9113954
66,0.05054311709420067,0.00041286729332901524,0.00011957800276456802,0.0001780204050166204,0.003931941927111098,0.008288511523769958,0.001417263780178895,0.0025698245975228217,0.0006830017928797063,0.0012123281823614787,0.0002049005378639119,0.0004098010757278238,0.002170997207990695,0.0035402779792673583,0.0006133767023748623,0.0010282331442300595,4.0474627
67,0.06599588075326063,0.0004710403757550213,0.00013896903023990337,0.000210069464316133,0.0048694315871516125,0.009198427958515163,0.0015716738418326268,0.002786733969845921,0.0008952202070959008,0.001400153675403398,0.00020977912209876694,0.0004000439072581137,0.002875998645990018,0.0038965963955847056,0.0006897306487285796,0.001155489721486255,4.2165016
68,0.07610830158164801,0.000695787770590679,0.00019714211266590943,0.0002508714179621511,0.006277504292232071,0.01074988143513123,0.001942993275809458,0.0031286419635077555,0.001246478272005464,0.001568464831505897,0.0002780793013867376,0.0005122513446597797,0.00360645139944058,0.004583781912768162,0.0009747853817824575,0.0014609055069011241,4.3622849
69,0.0861818056951717,0.0009609331393332853,0.00027793806047980674,0.000315508176213269,0.007777487748296894,0.01225905596629449,0.002632323908192189,0.003799590445693614,0.001461135978339086,0.0019172836042980327,0.0003902867387884036,0.0006244587820614458,0.0046906774376633655,0.005606924793907973,0.0012802011671973266,0.0017917726077672324,4.5126456
70,0.10809434004186577,0.0015081910258594165,0.00027793806047980674,0.0003835114322899659,0.0099447432565082,0.012999856619228464,0.0029815847619327727,0.004437451057525101,0.0021270627263968,0.002488077959776073,0.00045126904172409165,0.0006903196692319888,0.00637300938899027,0.007403787664765453,0.0013387391927351766,0.0020131990521930127,4.6676818
71,0.11958850623778382,0.0023134573057379264,0.00031806671456070904,0.0005708233713051844,0.0143969000341908,0.01705495895265861,0.00315253875876369,0.005007297713628158,0.002527106633654913,0.0034662340988645094,0.0005146906367772073,0.0008781451622739081,0.007915359105335359,0.010323053547022579,0.0015448948478902131,0.002596034176026388,4.8274896
72,0.13238887359002655,0.0024396336442406292,0.0007251436316297284,0.0011801594777349933,0.016564155542402106,0.01973323823634298,0.004137822009316073,0.00874071241861303,0.003161322584186069,0.0032735300215877353,0.0008196021514556476,0.0014074715517556804,0.009292275271247395,0.010058359866329691,0.0026367562807483704,0.004929919802905013,4.9921623
73,0.14210620223360398,0.002976657377377,0.0005442953684396216,0.0011676361058238392,0.018086197578703177,0.027841604688183585,0.005165384205321265,0.009347323375109833,0.003993121196228854,0.004498054664536352,0.0007708163091070971,0.0016831115610249905,0.011570168004133293,0.01392441468337291,0.0024509616779543253,0.005225155062139387,5.127464
74,0.1567239397720073,0.003713112441700674,0.0005838853828684312,0.0011720798829536036,0.018551265978684058,0.03676613860876535,0.004696639375301008,0.00939695518064139,0.0044419509458355185,0.005842104621238916,0.0007903306460465173,0.0017197009427864034,0.01286309482905624,0.018335127651072647,0.0025680377290300247,0.004896833092818402,5.3011186
75,0.16062921190959203,0.004282050574223534,0.0006625267720739579,0.0013558906642302199,0.02061374323077319,0.04063741944022676,0.005902508428215865,0.01229949669672761,0.005132270615067508,0.006629995975168006,0.001031820565671842,0.0020246124574648436,0.014932286775241978,0.020411954991893758,0.0032628586408488523,0.006261023601004818,5.4437164
76,0.16517761979177537,0.0045193213409703455,0.0006590256143353557,0.0016153803166258534,0.023751576269379383,0.046159417359367357,0.0063730914732558095,0.014292121778068625,0.006659267480577136,0.007088582893244381,0.0010074276444975668,0.0025246673415374858,0.018905237117180403,0.022532049568981975,0.003064338380329187,0.007322343455321488,5.5896241
77,0.1698717296998498,0.004888424162566833,0.0007640603464934222,0.0019768075231800207,0.025352661551527007,0.05324941269030121,0.008687404183042098,0.016564155542402106,0.007195911746411192,0.008237489480552744,0.001373321462111695,0.00300276859655328,0.020483218675157226,0.02548440216132571,0.004171470602458088,0.009343177902149873,5.7388805
78,0.17182025864129494,0.004101067651120404,0.0016750346580951144,0.0028337832096594247,0.02416517464880902,0.06147910133344118,0.011806855071451417,0.021630276136660256,0.007473991047797929,0.008266760985961874,0.00245148857801466,0.004315107755729288,0.021949214445148597,0.02585853649845892,0.007513228321205782,0.013092156668117392,5.9302152
79,0.17202763490735062,0.004113591023031558,0.002438691024849467,0.0029630567261616607,0.023902309900993738,0.06378238475310934,0.015630342312400965,0.026894923953044634,0.007620348574843581,0.008583868961227452,0.0033881767511068288,0.005293263894817724,0.022150279837213387,0.026604260041180227,0.011050961168928015,0.015716187291140143,6.0871354
80,0.17168681066748898,0.004455896521936437,0.0028153348015752516,0.0030967740197936607,0.022431737885243913,0.06642941438145902,0.01997036797388264,0.029723936868343365,0.0073422692734568425,0.00922540278811089,0.004234611115854179,0.005573782488321889,0.021244213007149276,0.028088071731987466,0.013814974026932582,0.01703711056305945,6.2070934
81,0.17206103056578037,0.003974621992791655,0.0029948364656351267,0.003316135018108392,0.023154156387981014,0.06569412837358411,0.024264438259872134,0.033823156362246004,0.007622787866961008,0.008583868961227452,0.005024941761900697,0.006476320571770072,0.022544775226707593,0.026749332539252293,0.015866350052302452,0.019602603160544352,6.3700838
82,0.1743099857731802,0.0040590537582571775,0.00343315448252552,0.003512199851470116,0.023207464623551947,0.06606728602258063,0.028348952033617276,0.03719444270835248,0.007566684148260175,0.008971716407898428,0.00592747984534888,0.006934907489846447,0.022682212330144284,0.02714637306029162,0.018594731068675284,0.0211831298500663,6.5365796
83,0.1798039755646122,0.003109297391704815,0.0036859111392699953,0.0038928834255865952,0.027666974261313294,0.06402502913570807,0.030898556265923537,0.040427862927982415,0.008913173397080167,0.008056981863863107,0.006505592077179202,0.007515459013794197,0.026919856352775592,0.02458597072589697,0.02021852499446434,0.023066527193457993,6.7066037
84,0.1830224821457788,0.004013134727916279,0.003978796450095373,0.004072519749559494,0.02491148994680206,0.06821432116557538,0.0332165454057492,0.042834086388753065,0.008078935492919955,0.009210767035406325,0.007273969094168872,0.007864277786586332,0.024211836388763754,0.028093161995077717,0.02207392589085967,0.02448416546409201,6.8364491
85,0.19297640825653792,0.004836176116313847,0.00431719681152258,0.004294977925873758,0.023788340569773126,0.07146060889034313,0.03761723216288056,0.045069355852692804,0.008183825053969338,0.009891329536168603,0.00808381407715481,0.00839848276030296,0.02366208797501699,0.031241489716395992,0.024988101510026547,0.02564220031712339,7.0126931
86,0.1950659261269183,0.005414405782835305,0.004511511066015003,0.004467342614543405,0.024080616757903406,0.07303228273217575,0.039883751282154975,0.047664915460491245,0.007700845214718689,0.010479198936468637,0.008413118513007526,0.009330292349160274,0.02292654495847618,0.0328601933790948,0.026199584125505528,0.027734298447215245,7.1472212
87,0.20978196540182856,0.006136721556291547,0.004792546304494342,0.004821363525881299,0.028262555927691974,0.07381352411554284,0.04507854692779124,0.04954357121061165,0.009486407044675635,0.011474430120379067,0.009608371650547011,0.00990596528887317,0.027963360286276395,0.034909024272919545,0.029269012768924962,0.030266704334613533,7.3297275
88,0.2106921317539521,0.005540986101077078,0.005202585739649871,0.005245003612252167,0.03165406263901501,0.07524549361587923,0.04843880398377959,0.053690584295026156,0.010588967081752875,0.011008525325950409,0.010257223353782732,0.010952421607249576,0.030633203277111377,0.033748444288343046,0.03184723102413548,0.032631131540033644,7.4689628
89,0.21955894838687523,0.006145339790725029,0.005709714972095099,0.0060747779963008924,0.033812127072127884,0.08111123774370135,0.05231559946030007,0.058501193001547776,0.011432962154382798,0.011650059152833847,0.01192325986998573,0.012576990157456306,0.032374073253976135,0.03657099517188546,0.035888899917792254,0.038039536073421955,7.6577542
90,0.2272091127056341,0.006327130673306298,0.005993847388573972,0.006797901729235273,0.03444079660886093,0.08547332198541928,0.0537273485954199,0.06469230118785455,0.012381846788062104,0.012259882182190728,0.012679440426388262,0.01413813711260992,0.03539259926649309,0.03779011318199981,0.03830168462256972,0.04290837271924399,7.8017065
91,0.2368902178326083,0.005881810340938701,0.007338695939936292,0.008305419455529574,0.035887471829354825,0.08718837659878752,0.05971441491454138,0.07076576361290132,0.013201448939517751,0.012072056689148809,0.016631093656620848,0.019804612701394057,0.037329444372332383,0.037642495552382624,0.0473369016077596,0.055290437686271815,7.9476796
92,0.24660835443566387,0.007726381829529976,0.0056427889953225875,0.008329254260134674,0.03432682727764032,0.09570850321503807,0.05737252897945978,0.07839803237464292,0.014894317669012452,0.014257662426363869,0.013138027344464636,0.01949726189459819,0.04164344234131741,0.04439472954159636,0.03927647000435217,0.05710766160949029,8.0956711
93,0.25763942519069527,0.0034148407343543696,0.006652469023170258,0.00796244065705958,0.04641860567714327,0.09489785039135598,0.05971992955960045,0.08121050135476447,0.021334048859021112,0.012457464843702358,0.015196789891573465,0.018792306472661634,0.061897599177413484,0.03672879332768314,0.04519135571522014,0.05543041992125363,8.2961266
94,0.25652538373025463,0.004511511066015003,0.0068641544064426685,0.008437386170292273,0.042674161682040274,0.10764587155288728,0.05768686374782631,0.08639242949526292,0.021999975607078826,0.01439426278493981,0.015648058933297557,0.0204022392701638,0.06329742152723164,0.04260804719691937,0.04658863293349317,0.05918194381876627,8.4488118
95,0.2607030728718852,0.005201239140519639,0.007372091598366036,0.008942899483781224,0.04442046595074319,0.10719183244302452,0.06315555343139598,0.09286294636456216,0.024836872339647036,0.014811381737019918,0.017223841641155736,0.023014721127928676,0.06958389644368769,0.04356247152634084,0.05318306876690922,0.06439182809163492,8.6034987
96,0.2664201941391966,0.007382191091842774,0.008664961423301417,0.010191062217592913,0.0435804016867461,0.10932232365084209,0.06937055841295868,0.10119006040374555,0.02668097718042224,0.0158822309765706,0.02153163152053274,0.02548816333500018,0.07128149918428534,0.04763722713008422,0.06074719971901748,0.0740658730946509,8.7601795
97,0.2709738537579879,0.008344874810045361,0.009902755343810323,0.012039808163487908,0.03870545545453543,0.12362547471902884,0.07505064282379238,0.10009632246703161,0.02481004012635533,0.018092229634959933,0.02499786561939725,0.0289373223890427,0.0662752254350266,0.05455743980127613,0.06982313880892933,0.08405805954080736,8.9188451
98,0.27750984195639306,0.008488152957502005,0.009752205561050428,0.012780168365289253,0.034383811943250624,0.12863828707771605,0.07850832527582416,0.10574148079249127,0.023002524667341536,0.0195338512763596,0.024541717993438305,0.03383298166871974,0.06511210031890498,0.05823515488398018,0.07209848641027011,0.09210067522339892,9.0794853
99,0.29162974179634976,0.009573242536642646,0.011012083707295133,0.013803179724526216,0.029012547655724384,0.13502608427112936,0.08332261041238516,0.10962011448403143,0.023446475832713348,0.020663243526728544,0.026176043712114745,0.03503555268261151,0.06316761981843032,0.06156418694500225,0.07812535790912353,0.09765924251794954,9.2420885
100,0.3075297110265596,0.01065294571926236,0.011608761781900765,0.014103336670654845,0.02715595048584023,0.13571725311853178,0.08851005319794267,0.11389580261982404,0.02533448793160225,0.021480406386066762,0.028095766608530203,0.034218389823273285,0.06315234902915957,0.06424421046201773,0.08489795295069825,0.10014329090599047,9.4066418
101,0.3112338012540878,0.01014191134933946,0.012790806498418083,0.01492126098235753,0.026400444112748757,0.1395002996290482,0.08953026253386911,0.11895089392396407,0.02520764474149602,0.021743849934748937,0.029386152138649365,0.03636252759449208,0.062136841542655134,0.06549132491912844,0.08965225867698973,0.10617016240484389,9.5731313
102,0.3161233026959588,0.010661833273521888,0.01441143855165184,0.014294688407060758,0.025889420337275693,0.14161976154674766,0.09675444756124013,0.11879096921725128,0.022800063421595053,0.022414655267041506,0.03350367723286702,0.03795294605505482,0.06159472852354374,0.06681733845413801,0.09894962421132736,0.10731801673169478,9.7415418
103,0.32181605051901296,0.01063759448917772,0.014780406713335303,0.014564412212846151,0.025084282158652663,0.1398513986978085,0.10051175906148094,0.12316408274908733,0.02170969984510495,0.021677989047578394,0.03578197607054433,0.04011415887109561,0.06251861127442372,0.06532334623715026,0.10373956177925056,0.11031872682339587,9.8548746
104,0.3246352904580659,0.010982458526430037,0.016249950344157073,0.01501444564216956,0.023792016999812503,0.13792311114215652,0.10583155332845594,0.12893056326584634,0.022531741288678027,0.02120964496103231,0.0387310802405142,0.040875218011732994,0.06297164468945578,0.06497720834701341,0.11259152929319152,0.11272642126508309,10.0264497
105,0.3335565096958504,0.014409687972782538,0.016867904685020363,0.015258988044219622,0.02442252475156524,0.13968228291599724,0.11264213997639731,0.12905740010220476,0.02427827444475613,0.02350257955141418,0.04011659816321304,0.04097766828066495,0.06176779746861216,0.07264823482401687,0.11838170355834841,0.11814246119310677,10.1998995
106,0.34166721091714847,0.012159116846426428,0.018347682469231893,0.016510786595682937,0.026832424642375268,0.14809946949114533,0.1122395708870858,0.13054819248317115,0.025100315888329207,0.023407447158834506,0.04255345098852313,0.042541254527935994,0.06493394111074631,0.07082592063770816,0.128417157240772,0.11846060263624725,10.3752046
107,0.3553428677040418,0.011589101434599383,0.019456202873238564,0.017026399402648627,0.026720293526174343,0.14750572603978632,0.11838472369790039,0.1359194567706974,0.028542157066019442,0.022570769962556865,0.04350721420643729,0.044470734592821165,0.07267368613946812,0.06906977987157266,0.12987042735303775,0.12528664544026957,10.5523448
108,0.3731030289727536,0.00891165838395985,0.021063772914909074,0.016704831530349313,0.029630187902339313,0.14677779289199017,0.1208258732440451,0.13824847520064118,0.03149126123598932,0.021173055579270895,0.046839287238843286,0.043241331365637695,0.07552168833846178,0.06390825309806138,0.1401934809000603,0.1255869709625942,10.6714471
109,0.3814145081243692,0.011860037179601986,0.02171781611246257,0.017199302730970367,0.025812215306448828,0.1575129686069639,0.12336077175619387,0.1374212784417819,0.030100864729055626,0.025024697832688955,0.04969325901623349,0.04298276640119037,0.06958898670677793,0.07455453835131469,0.1455255314870949,0.12602982385144576,10.8515973
110,0.3976227138954891,0.014802490939071102,0.022590950988504756,0.017266363367655902,0.02691882074830057,0.1611673400661022,0.12462362547471903,0.14025029135708061,0.02981302825919918,0.028912929467868425,0.048315058969886936,0.04914929687404715,0.06545569307749671,0.08597708872583079,0.1449401512317164,0.1364979498965404,11.0335233
111,0.4940239950499016,0.015749150127623932,0.022680634490578184,0.020369735723187697,0.03534887482858645,0.16344488847549477,0.12425414425576188,0.14534398517663408,0.03849690819724116,0.029376394970179655,0.053842494907977705,0.049634716005415226,0.07911795921172186,0.0886698379005719,0.15850315723568173,0.1389361859167691,11.155782
112,0.5447353023754682,0.04093365104095479,0.02322614179823501,0.0298764562627969,0.08654500134189697,0.2656220703448124,0.08304871637445176,0.14046903894442342,0.07727433498798648,0.0674561842153407,0.04825651595906868,0.06471929845958703,0.12200088061551462,0.20221833665473,0.1251288472844719,0.1892432560376883,11.3406139
113,0.5783118090684025,0.02860661328298848,0.00941420917936229,0.0206150860847159,0.07565909199530887,0.26609449160487203,0.06561508512773756,0.12322842027477639,0.12110597504604163,0.05435718554475491,0.034508665585247164,0.05419863155712212,0.2242744466247738,0.16459365702316325,0.09018164603837549,0.13520247794007234,11.5271559
114,0.5931631815559011,0.014938093471485427,0.008187457371721284,0.01641894853500114,0.0720414848365643,0.2476627096024676,0.06502317989139826,0.12491406344782963,0.1279628251881304,0.03365491334414753,0.041265504750521396,0.06091644204851752,0.23874606459034836,0.10147693983563541,0.10060650484720303,0.14877311933867302,11.6524544
115,0.6131145289293257,0.03601789091604426,0.008026000136006512,0.01907834715729557,0.044005029356293864,0.6088002705852509,0.05318323694959247,0.13631099656989076,0.1443841397226525,0.08486541205742093,0.0512714810162091,0.08019904623678209,0.20949486774223927,0.2531438737411143,0.1134085165191763,0.20396938715777524,11.8417883
116,0.666614239073863,0.010673279366128857,0.0023236914591276865,0.009955542029715403,0.16554413002797763,0.6776303937824215,0.03522387620724771,0.10335547769693716,0.18938907928919027,0.04560744471954239,0.07869156370821187,0.12016928687294948,0.29288355768667906,0.15591221332274557,0.11785995159159801,0.30439518766527446,11.9689232
117,0.6893253067047844,0.011161960190489912,0.0026906397221158037,0.009638417934545855,0.1389635408432995,0.7310342165343765,0.026847130362532765,0.08903026804851417,0.2183654303521118,0.04521959727287141,0.10970960227342025,0.14686489980607628,0.2752457960789703,0.1580323078998338,0.13316637270397322,0.3360438984288903,12.1609735
118,0.7136922872861516,0.011459423938358079,0.0028351298087896564,0.010366658744175116,0.13809406513898745,0.7357933552203468,0.02647397271353625,0.0883464520611905,0.23756997719261871,0.03453793709065629,0.1692454049834738,0.15995414130819235,0.27021152588271524,0.12566587004049304,0.16494743030793546,0.36508130422720897,12.3546162
119,0.7292782295991915,0.012922907873093805,0.00260661193638935,0.009556679367340797,0.13314007566093022,0.7544788108954681,0.023277316794300063,0.07920133233824626,0.23203522337817564,0.03422326840750814,0.21620421753607102,0.17054310838994524,0.24617530357056505,0.1242456866383139,0.17135352640701235,0.3965034982833088,12.4845818
120,0.7524622228446503,0.011824217642737824,0.0026315240202986353,0.009860741450947097,0.14401863214743954,0.7493722495707767,0.022735043363492316,0.0760451171494432,0.21966069446646583,0.030317961727506677,0.3022160968886829,0.17258479589223208,0.22924254340085568,0.10995222788089802,0.19885876301516645,0.4149098896176449,12.6808145
121,0.7665327024965275,0.011304834358207488,0.0029466282167728347,0.00996348696458377,0.14760866608088882,0.749300559185009,0.02154571824575464,0.07507637783406801,0.20869119781439427,0.028432388920735203,0.3478357380688124,0.18426168725835762,0.2262545589668802,0.10574258030526308,0.19933979287719486,0.43023667178238106,12.8124798
122,0.7901917759151319,0.01090206655835521,0.0023354068715607016,0.009394279512234862,0.14526126550074817,0.7571497373190736,0.020917048709021592,0.0720267791164068,0.2076666951250747,0.026846849044407314,0.4209608371650547,0.18748887072971424,0.21124846337682962,0.10043089077058948,0.2081255869709626,0.4544892302758668,13.0112207
123,0.8045395203279239,0.012370128930133725,0.002520025612315457,0.00940693754405904,0.13955360786461915,0.7649217104223115,0.020312275967544476,0.07128414024845314,0.20308082594431096,0.027417643399885352,0.4693344391457599,0.19078435438035882,0.19610238555179724,0.10252298890068133,0.21176512508048978,0.4707322597968476,13.1445304
124,0.8322246558260948,0.010855339568536173,0.002541705858312186,0.009466861205354348,0.1503715032554788,0.7564824652669272,0.019564122454531752,0.07091649724451568,0.1797124074593553,0.02617116512787989,0.5413838104182166,0.19966825627202986,0.19726296553637374,0.09672008897779882,0.2188660420913855,0.4762526501182214,13.3456961
125,0.852650140753274,0.01157401952434079,0.002615768810474925,0.009756783998093215,0.14512891401933067,0.7645117884729212,0.01923324375098804,0.06927313301691526,0.1484699540193436,0.025505238379822177,0.596514251564196,0.20305155443890183,0.18907527735571014,0.09466616782088383,0.2175374834248308,0.49242441595593867,13.4805942
126,0.9004032391095479,0.010411231175385784,0.002393041314334615,0.008739966994855318,0.1291107083377757,0.7846365665084576,0.019251625901184913,0.06634485649055341,0.08686563159371151,0.026088229195887352,0.6745130563110585,0.20834237904160213,0.16969410063959156,0.09427167243138962,0.21912055524589788,0.5154909431493967,13.6841
127,1.0,0.0,0.0,0.0,0.0,1.0,0.0,0.0,0.0,0.0,1.0,0.0,0.0,0.0,0.0,1.0,13.8205298
